Distance [pm],gr-e0-emim-etso4-h1-o2,gr-e2-emim-etso4-h1-o2,gr-e0-bmim-pf6-h1-f1,gr-e2-bmim-pf6-h1-f1,gr-e0-hmim-pf6-h1-f1,gr-e2-hmim-pf6-h1-f1,,,,,,,,,,,,,,,,,,,,,,,,,,,,,,,,,,,,,,,,,,,,,,
2,0,0,0,0,0,0,,,,,,,,,,,,,,,,,,,,,,,,,,,,,,,,,,,3.184175382,2.599423435,2.271635104,3.474695884,2.994441526,2.661280513,2.830395641,2.434268228,2.244891879,3.096211415,1.990200351,1.68839649
6,0,0,0,0,0,0,,,,,,,,,,,,,,,,,,,,,,,,,,,,,,,,,,,RDF,1.22495448,1.401710766,,1.160381946,1.305648115,,1.162729566,1.260816019,,1.555728504,1.833817728
10,0,0,0,0,0,0,,,,,,,,,,,,,,,,,,,,,,,,,,,,,,,,,,,0.08 V/angstrom,,1.1271,,,1.2464,,,1.1721,,,
14,0,0,0,0,0,0,,,,,,,,,,,,,,,,,,,,,,,,,,,,,,,,,,,,,,,,,,,,,,
18,0,0,0,0,0,0,,,,,,,,,,,,,,,,,,,,,,,,,,,,,,,,,,,0.2V/angstrom,1.401710766,1.305648115,1.260816019,,,,,,,,
22,0,0,0,0,0,0,,,,,,,,,,,,,,,,,,,,,,,,,,,,,,,,,,,0.08,1.22495448,1.160381946,1.162729566,,,,,,,,
26,0,0,0,0,0,0,,,,,,,,,,,,,,,,,,,,,,,,,,,,,,,,,,,,,,,,,,,,,,
30,0,0,0,0,0,0,,,,,,,,,,,,,,,,,,,,,,,,,,,,,,,,,,,,,,,,,,,,,,
34,0,0,0,0,0,0,,,,,,,,,,,,,,,,,,,,,,,,,,,,,,,,,,,,,,,,,,,,,,
38,0,0,0,0,0,0,,,,,,,,,,,,,,,,,,,,,,,,,,,,,,,,,,,,,,,,,,,,,,
42,0,0,0,0,0,0,,,,,,,,,,,,,,,,,,,,,,,,,,,,,,,,,,,,,,,,,,,,,,
46,0,0,0,0,0,0,,,,,,,,,,,,,,,,,,,,,,,,,,,,,,,,,,,,,,,,,,,,,,
50,0,0,0,0,0,0,,,,,,,,,,,,,,,,,,,,,,,,,,,,,,,,,,,,,,,,,,,,,,
54,0,0,0,0,0,0,,,,,,,,,,,,,,,,,,,,,,,,,,,,,,,,,,,,,,,,,,,,,,
58,0,0,0,0,0,0,,,,,,,,,,,,,,,,,,,,,,,,,,,,,,,,,,,,,,,,,,,,,,
62,0,0,0,0,0,0,,,,,,,,,,,,,,,,,,,,,,,,,,,,,,,,,,,,,,,,,,,,,,
66,0,0,0,0,0,0,,,,,,,,,,,,,,,,,,,,,,,,,,,,,,,,,,,,,,,,,,,,,,
70,0,0,0,0,0,0,,,,,,,,,,,,,,,,,,,,,,,,,,,,,,,,,,,,,,,,,,,,,,
74,0,0,0,0,0,0,,,,,,,,,,,,,,,,,,,,,,,,,,,,,,,,,,,,,,,,,,,,,,
78,0,0,0,0,0,0,,,,,,,,,,,,,,,,,,,,,,,,,,,,,,,,,,,,,,,,,,,,,,
82,0,0,0,0,0,0,,,,,,,,,,,,,,,,,,,,,,,,,,,,,,,,,,,,,,,,,,,,,,
86,0,0,0,0,0,0,,,,,,,,,,,,,,,,,,,,,,,,,,,,,,,,,,,,,,,,,,,,,,
90,0,0,0,0,0,0,,,,,,,,,,,,,,,,,,,,,,,,,,,,,,,,,,,,,,,,,,,,,,
94,0,0,0,0,0,0,,,,,,,,,,,,,,,,,,,,,,,,,,,,,,,,,,,,,,,,,,,,,,
98,0,0,0,0,0,0,,,,,,,,,,,,,,,,,,,,,,,,,,,,,,,,,,,,,,,,,,,,,,
102,0,0,0,0,0,0,,,,,,,,,,,,,,,,,,,,,,,,,,,,,,,,,,,,,,,,,,,,,,
106,0,0,0,0,0,0,,,,,,,,,,,,,,,,,,,,,,,,,,,,,,,,,,,,,,,,,,,,,,
110,0,0,0,0,0,0,,,,,,,,,,,,,,,,,,,,,,,,,,,,,,,,,,,,,,,,,,,,,,
114,0,0,0,0,0,0,,,,,,,,,,,,,,,,,,,,,,,,,,,,,,,,,,,,,,,,,,,,,,
118,0,0,0,0,0,0,,,,,,,,,,,,,,,,,,,,,,,,,,,,,,,,,,,,,,,,,,,,,,
122,0,0,0,0,0,0,,,,,,,,,,,,,,,,,,,,,,,,,,,,,,,,,,,,,,,,,,,,,,
126,0,0,0,0,0,0,,,,,,,,,,,,,,,,,,,,,,,,,,,,,,,,,,,,,,,,,,,,,,
130,0,0,0,0,0,0,,,,,,,,,,,,,,,,,,,,,,,,,,,,,,,,,,,,,,,,,,,,,,
134,0,0,0,0,0,0,,,,,,,,,,,,,,,,,,,,,,,,,,,,,,,,,,,,,,,,,,,,,,
138,0,0,0,0,0,0,,,,,,,,,,,,,,,,,,,,,,,,,,,,,,,,,,,,,,,,,,,,,,
142,0,0,0,0,0,0,,,,,,,,,,,,,,,,,,,,,,,,,,,,,,,,,,,,,,,,,,,,,,
146,0,0,0,0,0,0,,,,,,,,,,,,,,,,,,,,,,,,,,,,,,,,,,,,,,,,,,,,,,
150,0,0,0,0,0,0,,,,,,,,,,,,,,,,,,,,,,,,,,,,,,,,,,,,,,,,,,,,,,
154,0,0,0,0,0,0,,,,,,,,,,,,,,,,,,,,,,,,,,,,,,,,,,,,,,,,,,,,,,
158,0,0,0,0,0,0,,,,,,,,,,,,,,,,,,,,,,,,,,,,,,,,,,,,,,,,,,,,,,
162,0,0,0,0,0,0,,,,,,,,,,,,,,,,,,,,,,,,,,,,,,,,,,,,,,,,,,,,,,
166,0,0,0,0,0,0,,,,,,,,,,,,,,,,,,,,,,,,,,,,,,,,,,,,,,,,,,,,,,
170,0,0,0,0,0,0,,,,,,,,,,,,,,,,,,,,,,,,,,,,,,,,,,,,,,,,,,,,,,
174,0,0,0,0,0,0,,,,,,,,,,,,,,,,,,,,,,,,,,,,,,,,,,,,,,,,,,,,,,
178,0,0,0,0,0,0,,,,,,,,,,,,,,,,,,,,,,,,,,,,,,,,,,,,,,,,,,,,,,
182,0,0,0,0,0,0,,,,,,,,,,,,,,,,,,,,,,,,,,,,,,,,,,,,,,,,,,,,,,
186,0,0,0,0,0,0,,,,,,,,,,,,,,,,,,,,,,,,,,,,,,,,,,,,,,,,,,,,,,
190,0,0,0,0.000138826,0,0.000204819,,,,,,,,,,,,,,,,,,,,,,,,,,,,,,,,,,,,,,,,,,,,,,
194,0,0,0,0.002664826,0,0.003179636,,,,,,,,,,,,,,,,,,,,,,,,,,,,,,,,,,,,,,,,,,,,,,
198,0,0,0.003154859,0.01205745,0,0.015428351,,,,,,,,,,,,,,,,,,,,,,,,,,,,,,,,,,,,,,,,,,,,,,
202,0,0.000941751,0.012818032,0.059957557,0,0.072192794,,,,,,,,,,,,,,,,,,,,,,,,,,,,,,,,,,,,,,,,,,,,,,
206,0,0.00932482,0.013869231,0.168136693,0.009593467,0.183010217,,,,,,,,,,,,,,,,,,,,,,,,,,,,,,,,,,,,,,,,,,,,,,
210,0.004266029,0.051543196,0.042048669,0.314009412,0.073070128,0.33724658,,,,,,,,,,,,,,,,,,,,,,,,,,,,,,,,,,,,,,,,,,,,,,
214,0.008065825,0.143049045,0.07371076,0.53914599,0.153980512,0.55012363,,,,,,,,,,,,,,,,,,,,,,,,,,,,,,,,,,,,,,,,,,,,,,
218,0.041860783,0.335137913,0.168687874,0.779695351,0.320782914,0.849844408,,,,,,,,,,,,,,,,,,,,,,,,,,,,,,,,,,,,,,,,,,,,,,
222,0.146210442,0.651397046,0.45596656,0.975005174,0.566891646,1.0935177,,,,,,,,,,,,,,,,,,,,,,,,,,,,,,,,,,,,,,,,,,,,,,
226,0.292974365,1.030734308,0.63637017,1.181530926,1.037193127,1.312264282,,,,,,,,,,,,,,,,,,,,,,,,,,,,,,,,,,,,,,,,,,,,,,
230,0.591943913,1.423487352,0.939271508,1.365564164,1.420778258,1.504924972,,,,,,,,,,,,,,,,,,,,,,,,,,,,,,,,,,,,,,,,,,,,,,
234,0.928923217,1.676906668,1.343410821,1.45241545,2.002453578,1.602775566,,,,,,,,,,,,,,,,,,,,,,,,,,,,,,,,,,,,,,,,,,,,,,
238,1.503650247,1.954815626,1.791345637,1.539011888,1.942500192,1.620467535,,,,,,,,,,,,,,,,,,,,,,,,,,,,,,,,,,,,,,,,,,,,,,
242,1.8850179,2.163018728,1.733343656,1.557465522,2.520762161,1.693640438,,,,,,,,,,,,,,,,,,,,,,,,,,,,,,,,,,,,,,,,,,,,,,
246,2.37446648,2.234261381,1.92514218,1.602782692,2.318099238,1.738544877,,,,,,,,,,,,,,,,,,,,,,,,,,,,,,,,,,,,,,,,,,,,,,
250,2.669980892,2.241387325,2.104923342,1.570366262,2.332749888,1.714110426,,,,,,,,,,,,,,,,,,,,,,,,,,,,,,,,,,,,,,,,,,,,,,
254,2.805431631,2.240008718,2.281357366,1.522028714,2.640050659,1.60412429,,,,,,,,,,,,,,,,,,,,,,,,,,,,,,,,,,,,,,,,,,,,,,
258,2.696766283,2.18912996,2.149903639,1.511392515,2.492794835,1.607969929,,,,,,,,,,,,,,,,,,,,,,,,,,,,,,,,,,,,,,,,,,,,,,
262,2.87542769,2.097642219,2.209399802,1.443859971,2.277177092,1.558845327,,,,,,,,,,,,,,,,,,,,,,,,,,,,,,,,,,,,,,,,,,,,,,
266,2.628472786,1.987223265,2.182878211,1.401482123,2.1657211,1.513396859,,,,,,,,,,,,,,,,,,,,,,,,,,,,,,,,,,,,,,,,,,,,,,
270,2.595137848,1.875526522,2.150368088,1.340683248,2.189898195,1.485219698,,,,,,,,,,,,,,,,,,,,,,,,,,,,,,,,,,,,,,,,,,,,,,
274,2.515223378,1.789259405,1.843644178,1.300567953,2.112849334,1.417767566,,,,,,,,,,,,,,,,,,,,,,,,,,,,,,,,,,,,,,,,,,,,,,
278,2.314488404,1.689450871,1.938232896,1.282478597,1.93759052,1.375549461,,,,,,,,,,,,,,,,,,,,,,,,,,,,,,,,,,,,,,,,,,,,,,
282,2.255963113,1.619977013,1.912065869,1.219046465,1.701180476,1.327448528,,,,,,,,,,,,,,,,,,,,,,,,,,,,,,,,,,,,,,,,,,,,,,
286,2.189833113,1.507663618,1.692670673,1.201425748,1.81441778,1.257229101,,,,,,,,,,,,,,,,,,,,,,,,,,,,,,,,,,,,,,,,,,,,,,
290,1.969448087,1.465107578,1.634016912,1.1688536,1.595112263,1.248449773,,,,,,,,,,,,,,,,,,,,,,,,,,,,,,,,,,,,,,,,,,,,,,
294,1.828593042,1.404094214,1.519374457,1.125640296,1.501894865,1.232012293,,,,,,,,,,,,,,,,,,,,,,,,,,,,,,,,,,,,,,,,,,,,,,
298,1.755875873,1.300221487,1.51874753,1.10296472,1.616937849,1.182996572,,,,,,,,,,,,,,,,,,,,,,,,,,,,,,,,,,,,,,,,,,,,,,
302,1.742833297,1.238985121,1.456456814,1.086433421,1.279180146,1.16375298,,,,,,,,,,,,,,,,,,,,,,,,,,,,,,,,,,,,,,,,,,,,,,
306,1.609780159,1.195164149,1.415789206,1.076007463,1.288741653,1.162124152,,,,,,,,,,,,,,,,,,,,,,,,,,,,,,,,,,,,,,,,,,,,,,
310,1.476408669,1.149209802,1.369701618,1.048192031,1.273888659,1.111038791,,,,,,,,,,,,,,,,,,,,,,,,,,,,,,,,,,,,,,,,,,,,,,
314,1.357378241,1.117334333,1.365803972,1.024188635,1.185174189,1.086320935,,,,,,,,,,,,,,,,,,,,,,,,,,,,,,,,,,,,,,,,,,,,,,
318,1.409995419,1.101702263,1.213864899,0.985637048,1.109623306,1.087650528,,,,,,,,,,,,,,,,,,,,,,,,,,,,,,,,,,,,,,,,,,,,,,
322,1.287684838,1.037548988,1.012855146,1.007133011,1.101694935,1.041229445,,,,,,,,,,,,,,,,,,,,,,,,,,,,,,,,,,,,,,,,,,,,,,
326,1.235064458,1.006794214,1.08735007,0.986527127,1.169875099,1.047532426,,,,,,,,,,,,,,,,,,,,,,,,,,,,,,,,,,,,,,,,,,,,,,
330,1.244716708,0.999802849,1.088745619,0.96716025,1.179738878,1.04717567,,,,,,,,,,,,,,,,,,,,,,,,,,,,,,,,,,,,,,,,,,,,,,
334,1.266972214,0.978543784,0.977270936,0.951908908,1.118129575,1.037341392,,,,,,,,,,,,,,,,,,,,,,,,,,,,,,,,,,,,,,,,,,,,,,
338,1.176393088,0.95150524,1.073936827,0.937985123,1.164209549,1.006300011,,,,,,,,,,,,,,,,,,,,,,,,,,,,,,,,,,,,,,,,,,,,,,
342,1.064567341,0.937531547,1.060153279,0.942692569,0.960553205,1.016462348,,,,,,,,,,,,,,,,,,,,,,,,,,,,,,,,,,,,,,,,,,,,,,
346,1.085978282,0.924711727,0.956088788,0.939619199,1.017977915,0.997856467,,,,,,,,,,,,,,,,,,,,,,,,,,,,,,,,,,,,,,,,,,,,,,
350,0.952995399,0.898356446,0.994360305,0.923752294,0.930681284,0.988601331,,,,,,,,,,,,,,,,,,,,,,,,,,,,,,,,,,,,,,,,,,,,,,
354,0.9395436,0.905187824,0.982559803,0.90529498,0.897365883,0.983901288,,,,,,,,,,,,,,,,,,,,,,,,,,,,,,,,,,,,,,,,,,,,,,
358,0.91338059,0.873271879,0.972323838,0.905949465,0.893709528,0.995969216,,,,,,,,,,,,,,,,,,,,,,,,,,,,,,,,,,,,,,,,,,,,,,
362,0.961194354,0.861230713,1.105564258,0.912592586,0.939816066,0.966208282,,,,,,,,,,,,,,,,,,,,,,,,,,,,,,,,,,,,,,,,,,,,,,
366,0.956725157,0.858378677,0.929048466,0.918488696,0.931001942,0.972573961,,,,,,,,,,,,,,,,,,,,,,,,,,,,,,,,,,,,,,,,,,,,,,
370,0.917973912,0.857903638,0.800342489,0.917353426,0.873689678,0.980572466,,,,,,,,,,,,,,,,,,,,,,,,,,,,,,,,,,,,,,,,,,,,,,
374,0.88316918,0.840583469,0.883458524,0.944718436,0.945097923,0.976854533,,,,,,,,,,,,,,,,,,,,,,,,,,,,,,,,,,,,,,,,,,,,,,
378,0.881875826,0.832449012,0.921960268,0.950348307,0.876012933,0.981703234,,,,,,,,,,,,,,,,,,,,,,,,,,,,,,,,,,,,,,,,,,,,,,
382,0.925674845,0.836660437,0.859422716,0.940149591,0.90919073,1.000856032,,,,,,,,,,,,,,,,,,,,,,,,,,,,,,,,,,,,,,,,,,,,,,
386,0.854241293,0.829270832,0.935999609,0.960362518,0.942653635,1.013536377,,,,,,,,,,,,,,,,,,,,,,,,,,,,,,,,,,,,,,,,,,,,,,
390,0.897557006,0.842410929,0.925665563,1.001902302,0.928592961,1.034386439,,,,,,,,,,,,,,,,,,,,,,,,,,,,,,,,,,,,,,,,,,,,,,
394,0.84236531,0.850919267,0.993129722,0.994661492,1.008708106,1.059556793,,,,,,,,,,,,,,,,,,,,,,,,,,,,,,,,,,,,,,,,,,,,,,
398,0.846456447,0.851237718,1.013757779,1.02425533,1.07553959,1.098367814,,,,,,,,,,,,,,,,,,,,,,,,,,,,,,,,,,,,,,,,,,,,,,
402,0.850738076,0.866931189,1.004199373,1.067571746,1.106759984,1.090261222,,,,,,,,,,,,,,,,,,,,,,,,,,,,,,,,,,,,,,,,,,,,,,
406,0.815175781,0.897184732,0.955641764,1.073788374,1.076178133,1.131620702,,,,,,,,,,,,,,,,,,,,,,,,,,,,,,,,,,,,,,,,,,,,,,
410,0.892870183,0.930394776,1.040597751,1.108384713,1.114793885,1.177033496,,,,,,,,,,,,,,,,,,,,,,,,,,,,,,,,,,,,,,,,,,,,,,
414,0.799451631,0.949469487,1.060179723,1.133173149,1.192093117,1.205897602,,,,,,,,,,,,,,,,,,,,,,,,,,,,,,,,,,,,,,,,,,,,,,
418,0.889178094,0.962808216,1.162574204,1.160591432,1.167389509,1.235388421,,,,,,,,,,,,,,,,,,,,,,,,,,,,,,,,,,,,,,,,,,,,,,
422,0.903630959,0.997842697,0.994617999,1.187082794,1.255000934,1.261944235,,,,,,,,,,,,,,,,,,,,,,,,,,,,,,,,,,,,,,,,,,,,,,
426,1.051551582,1.022577488,1.094913661,1.239781171,1.34422777,1.309864534,,,,,,,,,,,,,,,,,,,,,,,,,,,,,,,,,,,,,,,,,,,,,,
430,1.077498624,1.037584891,1.194222499,1.252487156,1.374673422,1.331325819,,,,,,,,,,,,,,,,,,,,,,,,,,,,,,,,,,,,,,,,,,,,,,
434,1.047895222,1.068655283,1.283125296,1.309512154,1.493701622,1.343330029,,,,,,,,,,,,,,,,,,,,,,,,,,,,,,,,,,,,,,,,,,,,,,
438,1.103171953,1.061468327,1.271887461,1.323923952,1.52323471,1.382985857,,,,,,,,,,,,,,,,,,,,,,,,,,,,,,,,,,,,,,,,,,,,,,
442,1.005461204,1.074468248,1.305341929,1.339974207,1.443722927,1.385920143,,,,,,,,,,,,,,,,,,,,,,,,,,,,,,,,,,,,,,,,,,,,,,
446,1.138558019,1.089408234,1.369491884,1.333448657,1.481168957,1.392114541,,,,,,,,,,,,,,,,,,,,,,,,,,,,,,,,,,,,,,,,,,,,,,
450,1.087547737,1.088219149,1.419035093,1.322669684,1.493225857,1.395244651,,,,,,,,,,,,,,,,,,,,,,,,,,,,,,,,,,,,,,,,,,,,,,
454,1.07029944,1.096269505,1.453348703,1.317933835,1.563103125,1.421245809,,,,,,,,,,,,,,,,,,,,,,,,,,,,,,,,,,,,,,,,,,,,,,
458,1.056860635,1.097167815,1.45366317,1.314605894,1.437049535,1.407458715,,,,,,,,,,,,,,,,,,,,,,,,,,,,,,,,,,,,,,,,,,,,,,
462,1.073143305,1.100805072,1.365814905,1.297920486,1.512797085,1.372001607,,,,,,,,,,,,,,,,,,,,,,,,,,,,,,,,,,,,,,,,,,,,,,
466,1.193546688,1.098877582,1.389010758,1.283368578,1.509288913,1.356579547,,,,,,,,,,,,,,,,,,,,,,,,,,,,,,,,,,,,,,,,,,,,,,
470,1.156067406,1.087603712,1.388334021,1.239849487,1.461549718,1.321595799,,,,,,,,,,,,,,,,,,,,,,,,,,,,,,,,,,,,,,,,,,,,,,
474,1.116484085,1.09115121,1.344794349,1.219753713,1.388194282,1.301320618,,,,,,,,,,,,,,,,,,,,,,,,,,,,,,,,,,,,,,,,,,,,,,
478,1.04513439,1.092642459,1.313697172,1.201999303,1.288919191,1.275809395,,,,,,,,,,,,,,,,,,,,,,,,,,,,,,,,,,,,,,,,,,,,,,
482,1.08819911,1.076707654,1.270294361,1.204306828,1.391839122,1.259163397,,,,,,,,,,,,,,,,,,,,,,,,,,,,,,,,,,,,,,,,,,,,,,
486,1.145957943,1.064603246,1.277475987,1.198737565,1.273422027,1.203108396,,,,,,,,,,,,,,,,,,,,,,,,,,,,,,,,,,,,,,,,,,,,,,
490,1.016543731,1.059834779,1.158069177,1.161209802,1.277837915,1.194680777,,,,,,,,,,,,,,,,,,,,,,,,,,,,,,,,,,,,,,,,,,,,,,
494,0.979621483,1.04242606,1.166339807,1.150347498,1.267480913,1.180620858,,,,,,,,,,,,,,,,,,,,,,,,,,,,,,,,,,,,,,,,,,,,,,
498,0.972567818,1.012965665,1.166671207,1.133063452,1.237129597,1.179601852,,,,,,,,,,,,,,,,,,,,,,,,,,,,,,,,,,,,,,,,,,,,,,
502,0.965256411,1.006753945,1.146522706,1.116218763,1.078459686,1.170957933,,,,,,,,,,,,,,,,,,,,,,,,,,,,,,,,,,,,,,,,,,,,,,
506,0.907823117,1.009537174,1.101585817,1.107264984,1.060031635,1.157908884,,,,,,,,,,,,,,,,,,,,,,,,,,,,,,,,,,,,,,,,,,,,,,
510,0.906721718,1.003601187,1.097287657,1.109346608,0.981387659,1.155296988,,,,,,,,,,,,,,,,,,,,,,,,,,,,,,,,,,,,,,,,,,,,,,
514,0.8418699,1.004955066,1.077854036,1.100486361,1.049933216,1.127577224,,,,,,,,,,,,,,,,,,,,,,,,,,,,,,,,,,,,,,,,,,,,,,
518,0.879188905,0.994799232,1.064684611,1.081117077,1.053673687,1.123399969,,,,,,,,,,,,,,,,,,,,,,,,,,,,,,,,,,,,,,,,,,,,,,
522,0.888076584,1.002339706,1.099161324,1.086816078,1.072089884,1.123612066,,,,,,,,,,,,,,,,,,,,,,,,,,,,,,,,,,,,,,,,,,,,,,
526,0.927515623,1.005311491,1.046002536,1.080052936,1.02214912,1.11981249,,,,,,,,,,,,,,,,,,,,,,,,,,,,,,,,,,,,,,,,,,,,,,
530,0.895691078,1.011599744,1.018474165,1.079266558,0.988523787,1.128455041,,,,,,,,,,,,,,,,,,,,,,,,,,,,,,,,,,,,,,,,,,,,,,
534,0.874666627,1.011927133,1.018791931,1.075782668,0.988411717,1.114738993,,,,,,,,,,,,,,,,,,,,,,,,,,,,,,,,,,,,,,,,,,,,,,
538,0.887966762,1.02141113,1.029765417,1.077009959,1.091143151,1.10821043,,,,,,,,,,,,,,,,,,,,,,,,,,,,,,,,,,,,,,,,,,,,,,
542,0.848000535,1.032344168,1.110128829,1.099197307,0.983300541,1.106475886,,,,,,,,,,,,,,,,,,,,,,,,,,,,,,,,,,,,,,,,,,,,,,
546,0.848120368,1.038106718,1.011397864,1.09459535,0.985774445,1.102149431,,,,,,,,,,,,,,,,,,,,,,,,,,,,,,,,,,,,,,,,,,,,,,
550,0.898238826,1.047364842,1.017886841,1.084922873,0.985093871,1.109507496,,,,,,,,,,,,,,,,,,,,,,,,,,,,,,,,,,,,,,,,,,,,,,
554,0.962495825,1.06610389,1.013047878,1.072902913,1.049723697,1.102468549,,,,,,,,,,,,,,,,,,,,,,,,,,,,,,,,,,,,,,,,,,,,,,
558,0.948944846,1.071451804,1.011528448,1.089662293,1.080099835,1.121050149,,,,,,,,,,,,,,,,,,,,,,,,,,,,,,,,,,,,,,,,,,,,,,
562,0.959566509,1.087830627,1.039070768,1.092814021,1.066853795,1.110350481,,,,,,,,,,,,,,,,,,,,,,,,,,,,,,,,,,,,,,,,,,,,,,
566,1.019224455,1.104810553,1.001128875,1.087214814,1.094329901,1.109682147,,,,,,,,,,,,,,,,,,,,,,,,,,,,,,,,,,,,,,,,,,,,,,
570,1.022915244,1.119531291,0.97024121,1.086193701,1.124032484,1.124440429,,,,,,,,,,,,,,,,,,,,,,,,,,,,,,,,,,,,,,,,,,,,,,
574,1.05103726,1.123729324,1.050540751,1.086038683,1.115731284,1.10787136,,,,,,,,,,,,,,,,,,,,,,,,,,,,,,,,,,,,,,,,,,,,,,
578,1.121168754,1.124449258,1.059674968,1.081644145,1.149649029,1.100715761,,,,,,,,,,,,,,,,,,,,,,,,,,,,,,,,,,,,,,,,,,,,,,
582,1.193880688,1.138836187,1.036485634,1.08591085,1.225658592,1.087870613,,,,,,,,,,,,,,,,,,,,,,,,,,,,,,,,,,,,,,,,,,,,,,
586,1.167275203,1.132049972,1.091648473,1.089847281,1.158475672,1.099631774,,,,,,,,,,,,,,,,,,,,,,,,,,,,,,,,,,,,,,,,,,,,,,
590,1.219277829,1.150649659,1.020839284,1.084588332,1.162977882,1.093021124,,,,,,,,,,,,,,,,,,,,,,,,,,,,,,,,,,,,,,,,,,,,,,
594,1.224481964,1.133057182,1.06378112,1.076885425,1.190878275,1.090372019,,,,,,,,,,,,,,,,,,,,,,,,,,,,,,,,,,,,,,,,,,,,,,
598,1.186949765,1.129852796,1.089456651,1.079413072,1.113703803,1.115376449,,,,,,,,,,,,,,,,,,,,,,,,,,,,,,,,,,,,,,,,,,,,,,
602,1.221128213,1.138116016,1.074626113,1.071453506,1.041913662,1.091846924,,,,,,,,,,,,,,,,,,,,,,,,,,,,,,,,,,,,,,,,,,,,,,
606,1.213496269,1.130150168,1.058958919,1.074126484,1.10385072,1.074665594,,,,,,,,,,,,,,,,,,,,,,,,,,,,,,,,,,,,,,,,,,,,,,
610,1.217644911,1.144626221,1.046010815,1.071335882,1.155487535,1.071681759,,,,,,,,,,,,,,,,,,,,,,,,,,,,,,,,,,,,,,,,,,,,,,
614,1.167920636,1.121381936,1.035425358,1.068627147,1.181988168,1.073734382,,,,,,,,,,,,,,,,,,,,,,,,,,,,,,,,,,,,,,,,,,,,,,
618,1.167155499,1.124935733,0.99326368,1.046491081,1.126422511,1.074053303,,,,,,,,,,,,,,,,,,,,,,,,,,,,,,,,,,,,,,,,,,,,,,
622,1.111907176,1.114118684,1.035037582,1.044679487,1.116206971,1.058520107,,,,,,,,,,,,,,,,,,,,,,,,,,,,,,,,,,,,,,,,,,,,,,
626,1.126481868,1.114850937,1.013447411,1.049462243,1.132894569,1.051178154,,,,,,,,,,,,,,,,,,,,,,,,,,,,,,,,,,,,,,,,,,,,,,
630,1.136632441,1.107946785,1.057784368,1.038156256,1.129752179,1.041580646,,,,,,,,,,,,,,,,,,,,,,,,,,,,,,,,,,,,,,,,,,,,,,
634,1.094533126,1.097439748,1.034785301,1.029388585,1.103096586,1.021087673,,,,,,,,,,,,,,,,,,,,,,,,,,,,,,,,,,,,,,,,,,,,,,
638,1.082131643,1.069898091,1.003593548,1.01765772,1.063593375,1.015546171,,,,,,,,,,,,,,,,,,,,,,,,,,,,,,,,,,,,,,,,,,,,,,
642,1.155905116,1.069051247,0.918681862,1.031900368,1.0462393,1.006545724,,,,,,,,,,,,,,,,,,,,,,,,,,,,,,,,,,,,,,,,,,,,,,
646,1.115113751,1.056745466,0.939588841,1.003255015,1.032734062,0.988477492,,,,,,,,,,,,,,,,,,,,,,,,,,,,,,,,,,,,,,,,,,,,,,
650,1.122174601,1.038726458,0.929801442,1.001771667,1.069994255,1.012438798,,,,,,,,,,,,,,,,,,,,,,,,,,,,,,,,,,,,,,,,,,,,,,
654,1.061159906,1.034037882,0.903424172,0.993396831,0.998176061,1.002110672,,,,,,,,,,,,,,,,,,,,,,,,,,,,,,,,,,,,,,,,,,,,,,
658,1.08716757,1.015185576,0.91040348,0.980288657,0.974660478,0.986074364,,,,,,,,,,,,,,,,,,,,,,,,,,,,,,,,,,,,,,,,,,,,,,
662,0.989106577,0.992038295,0.867991479,0.975454595,0.957030753,0.97851308,,,,,,,,,,,,,,,,,,,,,,,,,,,,,,,,,,,,,,,,,,,,,,
666,0.974885109,0.986730439,0.858885672,0.965246089,0.943400857,0.959630377,,,,,,,,,,,,,,,,,,,,,,,,,,,,,,,,,,,,,,,,,,,,,,
670,0.916396158,0.979037944,0.875560412,0.964521705,0.912161975,0.953170961,,,,,,,,,,,,,,,,,,,,,,,,,,,,,,,,,,,,,,,,,,,,,,
674,0.858696255,0.962983714,0.830667572,0.959166964,0.912556195,0.94163638,,,,,,,,,,,,,,,,,,,,,,,,,,,,,,,,,,,,,,,,,,,,,,
678,0.87985377,0.970480176,0.841566459,0.962806887,0.808548337,0.946608518,,,,,,,,,,,,,,,,,,,,,,,,,,,,,,,,,,,,,,,,,,,,,,
682,0.891114288,0.949198535,0.830126808,0.952311686,0.88391178,0.948463756,,,,,,,,,,,,,,,,,,,,,,,,,,,,,,,,,,,,,,,,,,,,,,
686,0.871250516,0.957157245,0.847120508,0.94309814,0.884475732,0.94400502,,,,,,,,,,,,,,,,,,,,,,,,,,,,,,,,,,,,,,,,,,,,,,
690,0.834580244,0.953766449,0.857965582,0.938853769,0.882637968,0.944615174,,,,,,,,,,,,,,,,,,,,,,,,,,,,,,,,,,,,,,,,,,,,,,
694,0.835435739,0.936249681,0.864935063,0.949761523,0.841414384,0.938992297,,,,,,,,,,,,,,,,,,,,,,,,,,,,,,,,,,,,,,,,,,,,,,
698,0.812014614,0.927771118,0.809630379,0.940318725,0.892651618,0.942036808,,,,,,,,,,,,,,,,,,,,,,,,,,,,,,,,,,,,,,,,,,,,,,
702,0.819196021,0.938511033,0.828001122,0.942150532,0.860303758,0.933499241,,,,,,,,,,,,,,,,,,,,,,,,,,,,,,,,,,,,,,,,,,,,,,
706,0.826982679,0.929578769,0.850861231,0.948460498,0.870769191,0.939502454,,,,,,,,,,,,,,,,,,,,,,,,,,,,,,,,,,,,,,,,,,,,,,
710,0.829651249,0.934723533,0.86548498,0.949364661,0.896064086,0.944200325,,,,,,,,,,,,,,,,,,,,,,,,,,,,,,,,,,,,,,,,,,,,,,
714,0.852959379,0.948640554,0.858302373,0.94980982,0.881895788,0.931627915,,,,,,,,,,,,,,,,,,,,,,,,,,,,,,,,,,,,,,,,,,,,,,
718,0.838861751,0.946445996,0.855268991,0.951872542,0.918972642,0.925778539,,,,,,,,,,,,,,,,,,,,,,,,,,,,,,,,,,,,,,,,,,,,,,
722,0.801804718,0.946547126,0.884970907,0.948739624,0.876795594,0.930164615,,,,,,,,,,,,,,,,,,,,,,,,,,,,,,,,,,,,,,,,,,,,,,
726,0.851202658,0.948041606,0.882500809,0.952362301,0.874359772,0.939048656,,,,,,,,,,,,,,,,,,,,,,,,,,,,,,,,,,,,,,,,,,,,,,
730,0.829304801,0.940843262,0.82796237,0.959365648,0.840386496,0.939290797,,,,,,,,,,,,,,,,,,,,,,,,,,,,,,,,,,,,,,,,,,,,,,
734,0.831576588,0.937944997,0.846652843,0.958750607,0.84886135,0.953333092,,,,,,,,,,,,,,,,,,,,,,,,,,,,,,,,,,,,,,,,,,,,,,
738,0.840993573,0.939790516,0.874457178,0.962433646,0.916285577,0.948699719,,,,,,,,,,,,,,,,,,,,,,,,,,,,,,,,,,,,,,,,,,,,,,
742,0.830179374,0.953337818,0.900651959,0.963834496,0.922957178,0.947769165,,,,,,,,,,,,,,,,,,,,,,,,,,,,,,,,,,,,,,,,,,,,,,
746,0.855317824,0.958416599,0.892181025,0.968944721,0.887446618,0.960254974,,,,,,,,,,,,,,,,,,,,,,,,,,,,,,,,,,,,,,,,,,,,,,
750,0.85654503,0.961149315,0.934782594,0.979764349,0.935933831,0.962941337,,,,,,,,,,,,,,,,,,,,,,,,,,,,,,,,,,,,,,,,,,,,,,
754,0.874415757,0.9705632,0.916005648,0.978057551,0.937536906,0.973354271,,,,,,,,,,,,,,,,,,,,,,,,,,,,,,,,,,,,,,,,,,,,,,
758,0.8896744,0.975824117,0.94006128,0.9826087,0.935472362,0.95735687,,,,,,,,,,,,,,,,,,,,,,,,,,,,,,,,,,,,,,,,,,,,,,
762,0.923679172,0.972976005,0.974745945,0.991461533,0.975126603,0.953489756,,,,,,,,,,,,,,,,,,,,,,,,,,,,,,,,,,,,,,,,,,,,,,
766,0.959795373,0.97073101,0.959682911,0.990781596,0.971169509,0.968132883,,,,,,,,,,,,,,,,,,,,,,,,,,,,,,,,,,,,,,,,,,,,,,
770,0.949653546,0.976119823,0.94358286,0.989806498,1.04554901,0.976218647,,,,,,,,,,,,,,,,,,,,,,,,,,,,,,,,,,,,,,,,,,,,,,
774,0.931195262,0.977096301,0.959441278,1.010047366,0.978862883,0.978403253,,,,,,,,,,,,,,,,,,,,,,,,,,,,,,,,,,,,,,,,,,,,,,
778,0.918618172,0.977406637,1.044613766,1.003771553,1.002505585,0.974509932,,,,,,,,,,,,,,,,,,,,,,,,,,,,,,,,,,,,,,,,,,,,,,
782,0.957386042,0.980734282,1.027958941,0.996905158,1.026346977,0.984060407,,,,,,,,,,,,,,,,,,,,,,,,,,,,,,,,,,,,,,,,,,,,,,
786,1.003500312,0.985904012,1.011098463,0.99824315,1.066444542,0.969960634,,,,,,,,,,,,,,,,,,,,,,,,,,,,,,,,,,,,,,,,,,,,,,
790,0.964063039,0.98352519,1.004599548,1.000967967,1.035326365,0.96053104,,,,,,,,,,,,,,,,,,,,,,,,,,,,,,,,,,,,,,,,,,,,,,
794,0.988766431,0.983653748,1.061741411,0.999949516,1.000152158,0.970807139,,,,,,,,,,,,,,,,,,,,,,,,,,,,,,,,,,,,,,,,,,,,,,
798,0.982320955,0.987011961,1.073552642,0.994864463,1.034011097,0.964176116,,,,,,,,,,,,,,,,,,,,,,,,,,,,,,,,,,,,,,,,,,,,,,
802,0.955077818,0.987081242,1.020777948,0.99285412,1.035984563,0.954345235,,,,,,,,,,,,,,,,,,,,,,,,,,,,,,,,,,,,,,,,,,,,,,
806,0.960800284,0.979109733,1.051382437,0.988353707,1.024123376,0.953860958,,,,,,,,,,,,,,,,,,,,,,,,,,,,,,,,,,,,,,,,,,,,,,
810,0.971014044,0.980476292,1.052990756,0.987835759,1.00785941,0.948676257,,,,,,,,,,,,,,,,,,,,,,,,,,,,,,,,,,,,,,,,,,,,,,
814,0.944888661,0.981712524,1.023250884,0.980418404,1.033325572,0.950311669,,,,,,,,,,,,,,,,,,,,,,,,,,,,,,,,,,,,,,,,,,,,,,
818,0.935710362,0.974698323,1.008263496,0.972627625,0.984149908,0.939758801,,,,,,,,,,,,,,,,,,,,,,,,,,,,,,,,,,,,,,,,,,,,,,
822,0.995188114,0.97370897,1.020721244,0.969152487,1.012539582,0.936780974,,,,,,,,,,,,,,,,,,,,,,,,,,,,,,,,,,,,,,,,,,,,,,
826,0.915536823,0.971577686,1.007698257,0.963547083,0.959522783,0.947298835,,,,,,,,,,,,,,,,,,,,,,,,,,,,,,,,,,,,,,,,,,,,,,
830,0.965548679,0.964569802,0.995956706,0.961903354,0.979951655,0.937276963,,,,,,,,,,,,,,,,,,,,,,,,,,,,,,,,,,,,,,,,,,,,,,
834,0.974753638,0.963761919,0.977452117,0.959334637,0.936710829,0.921602893,,,,,,,,,,,,,,,,,,,,,,,,,,,,,,,,,,,,,,,,,,,,,,
838,0.953983789,0.962979367,0.999857773,0.955216467,0.894818772,0.921070703,,,,,,,,,,,,,,,,,,,,,,,,,,,,,,,,,,,,,,,,,,,,,,
842,0.956229277,0.963857127,1.012094456,0.952091421,0.848985782,0.916964776,,,,,,,,,,,,,,,,,,,,,,,,,,,,,,,,,,,,,,,,,,,,,,
846,0.9252846,0.957690674,0.964901401,0.942106169,0.864900472,0.910457389,,,,,,,,,,,,,,,,,,,,,,,,,,,,,,,,,,,,,,,,,,,,,,
850,0.938967276,0.958067923,0.959184612,0.927125202,0.891140429,0.901871245,,,,,,,,,,,,,,,,,,,,,,,,,,,,,,,,,,,,,,,,,,,,,,
854,0.952871351,0.957758216,0.912867437,0.930468128,0.891571266,0.90621184,,,,,,,,,,,,,,,,,,,,,,,,,,,,,,,,,,,,,,,,,,,,,,
858,0.941308756,0.949825343,0.932476199,0.934757032,0.862729433,0.90195305,,,,,,,,,,,,,,,,,,,,,,,,,,,,,,,,,,,,,,,,,,,,,,
862,0.941767558,0.96054351,0.929983092,0.924430902,0.869122719,0.891971402,,,,,,,,,,,,,,,,,,,,,,,,,,,,,,,,,,,,,,,,,,,,,,
866,0.940765234,0.959846867,0.896259228,0.91809803,0.848347543,0.889387788,,,,,,,,,,,,,,,,,,,,,,,,,,,,,,,,,,,,,,,,,,,,,,
870,0.911765106,0.950310236,0.931427067,0.908835659,0.834524392,0.895713838,,,,,,,,,,,,,,,,,,,,,,,,,,,,,,,,,,,,,,,,,,,,,,
874,0.908071279,0.951620635,0.934738628,0.910625414,0.840138853,0.895918801,,,,,,,,,,,,,,,,,,,,,,,,,,,,,,,,,,,,,,,,,,,,,,
878,0.935873724,0.948061201,0.901617447,0.913866243,0.823014006,0.888998742,,,,,,,,,,,,,,,,,,,,,,,,,,,,,,,,,,,,,,,,,,,,,,
882,0.901006809,0.946842174,0.885128724,0.914591736,0.812823725,0.88259864,,,,,,,,,,,,,,,,,,,,,,,,,,,,,,,,,,,,,,,,,,,,,,
886,0.879963345,0.94566113,0.896585962,0.915348809,0.842626181,0.878692568,,,,,,,,,,,,,,,,,,,,,,,,,,,,,,,,,,,,,,,,,,,,,,
890,0.924465034,0.950855053,0.905328839,0.91941846,0.83668449,0.885734823,,,,,,,,,,,,,,,,,,,,,,,,,,,,,,,,,,,,,,,,,,,,,,
894,0.95374743,0.948210976,0.864585199,0.919459079,0.815038376,0.888205417,,,,,,,,,,,,,,,,,,,,,,,,,,,,,,,,,,,,,,,,,,,,,,
898,0.913552522,0.955796725,0.887527953,0.912058163,0.794338326,0.891803598,,,,,,,,,,,,,,,,,,,,,,,,,,,,,,,,,,,,,,,,,,,,,,
902,0.950756388,0.952611617,0.896012335,0.910023862,0.802449894,0.89052632,,,,,,,,,,,,,,,,,,,,,,,,,,,,,,,,,,,,,,,,,,,,,,
906,0.95002317,0.951795367,0.931517269,0.908656861,0.830712129,0.891338491,,,,,,,,,,,,,,,,,,,,,,,,,,,,,,,,,,,,,,,,,,,,,,
910,0.948264654,0.956378505,0.93633597,0.914733368,0.844506914,0.891874195,,,,,,,,,,,,,,,,,,,,,,,,,,,,,,,,,,,,,,,,,,,,,,
914,0.962989085,0.956879863,0.943208177,0.922228727,0.818460441,0.893933937,,,,,,,,,,,,,,,,,,,,,,,,,,,,,,,,,,,,,,,,,,,,,,
918,0.956785472,0.963003082,0.953612691,0.920008254,0.831632924,0.898291878,,,,,,,,,,,,,,,,,,,,,,,,,,,,,,,,,,,,,,,,,,,,,,
922,0.967581307,0.960533273,0.953348696,0.921357762,0.829565239,0.900672922,,,,,,,,,,,,,,,,,,,,,,,,,,,,,,,,,,,,,,,,,,,,,,
926,1.005280917,0.958021921,0.939332366,0.921140168,0.828072775,0.89811751,,,,,,,,,,,,,,,,,,,,,,,,,,,,,,,,,,,,,,,,,,,,,,
930,0.975315423,0.966846981,0.931324334,0.928164077,0.844347178,0.90594074,,,,,,,,,,,,,,,,,,,,,,,,,,,,,,,,,,,,,,,,,,,,,,
934,0.973611311,0.967707651,0.955977381,0.932413621,0.804534221,0.904108463,,,,,,,,,,,,,,,,,,,,,,,,,,,,,,,,,,,,,,,,,,,,,,
938,0.984163114,0.974749218,0.973054806,0.936121481,0.860657094,0.913614339,,,,,,,,,,,,,,,,,,,,,,,,,,,,,,,,,,,,,,,,,,,,,,
942,0.950581498,0.972713554,0.968087472,0.930283158,0.864600265,0.909606633,,,,,,,,,,,,,,,,,,,,,,,,,,,,,,,,,,,,,,,,,,,,,,
946,0.994033925,0.973512481,0.961801865,0.939183424,0.839040887,0.919236923,,,,,,,,,,,,,,,,,,,,,,,,,,,,,,,,,,,,,,,,,,,,,,
950,0.99516958,0.981620123,0.946654915,0.942359485,0.861549294,0.916073497,,,,,,,,,,,,,,,,,,,,,,,,,,,,,,,,,,,,,,,,,,,,,,
954,1.004712538,0.973308974,0.950469169,0.945976365,0.914669872,0.916153192,,,,,,,,,,,,,,,,,,,,,,,,,,,,,,,,,,,,,,,,,,,,,,
958,1.037562405,0.979542271,0.959638795,0.951036658,0.908854732,0.927662832,,,,,,,,,,,,,,,,,,,,,,,,,,,,,,,,,,,,,,,,,,,,,,
962,1.008705653,0.981695697,0.946131318,0.954112967,0.873876905,0.935392216,,,,,,,,,,,,,,,,,,,,,,,,,,,,,,,,,,,,,,,,,,,,,,
966,1.01956511,0.980867274,0.986417301,0.949223471,0.902666917,0.931137974,,,,,,,,,,,,,,,,,,,,,,,,,,,,,,,,,,,,,,,,,,,,,,
970,1.029912421,0.982442703,0.976456384,0.952062704,0.93408942,0.932801222,,,,,,,,,,,,,,,,,,,,,,,,,,,,,,,,,,,,,,,,,,,,,,
974,1.055909718,0.987439148,0.980247038,0.953982767,0.905444221,0.936514218,,,,,,,,,,,,,,,,,,,,,,,,,,,,,,,,,,,,,,,,,,,,,,
978,1.03597719,0.984304184,0.973965055,0.958800491,0.924223774,0.946191924,,,,,,,,,,,,,,,,,,,,,,,,,,,,,,,,,,,,,,,,,,,,,,
982,1.013315895,0.990023368,0.995780457,0.963520903,0.973056016,0.951575333,,,,,,,,,,,,,,,,,,,,,,,,,,,,,,,,,,,,,,,,,,,,,,
986,1.067216428,0.99583138,1.00292896,0.96415429,0.932230311,0.950794992,,,,,,,,,,,,,,,,,,,,,,,,,,,,,,,,,,,,,,,,,,,,,,
990,1.044630709,0.997033082,0.985072107,0.962261618,0.970030346,0.954560959,,,,,,,,,,,,,,,,,,,,,,,,,,,,,,,,,,,,,,,,,,,,,,
994,1.050510082,0.99056493,0.99524238,0.960903959,0.949208172,0.950786592,,,,,,,,,,,,,,,,,,,,,,,,,,,,,,,,,,,,,,,,,,,,,,
998,1.079005151,0.993667689,1.01868613,0.967942964,0.943653728,0.959725044,,,,,,,,,,,,,,,,,,,,,,,,,,,,,,,,,,,,,,,,,,,,,,
1002,1.083626445,0.991686852,1.022909704,0.981706838,0.96818945,0.965445085,,,,,,,,,,,,,,,,,,,,,,,,,,,,,,,,,,,,,,,,,,,,,,
1006,1.058794654,0.995255206,1.020087348,0.979092125,0.953995656,0.967631945,,,,,,,,,,,,,,,,,,,,,,,,,,,,,,,,,,,,,,,,,,,,,,
1010,1.050568359,0.997784445,1.002931487,0.975683655,0.990452572,0.967604351,,,,,,,,,,,,,,,,,,,,,,,,,,,,,,,,,,,,,,,,,,,,,,
1014,1.069440009,1.00602742,1.010496906,0.982333722,0.972349136,0.973016963,,,,,,,,,,,,,,,,,,,,,,,,,,,,,,,,,,,,,,,,,,,,,,
1018,1.080833808,1.003995184,1.029448791,0.981932957,1.017996976,0.974884006,,,,,,,,,,,,,,,,,,,,,,,,,,,,,,,,,,,,,,,,,,,,,,
1022,1.102818275,1.012887444,1.039637746,0.99126234,1.01220382,0.97327863,,,,,,,,,,,,,,,,,,,,,,,,,,,,,,,,,,,,,,,,,,,,,,
1026,1.051424736,1.010324348,0.980854263,0.997409489,1.010746205,0.979823116,,,,,,,,,,,,,,,,,,,,,,,,,,,,,,,,,,,,,,,,,,,,,,
1030,1.082391086,1.005034593,0.984804902,0.991941343,0.96305487,0.980865797,,,,,,,,,,,,,,,,,,,,,,,,,,,,,,,,,,,,,,,,,,,,,,
1034,1.080111942,1.001206136,1.024072165,0.991970167,1.007371119,0.982362274,,,,,,,,,,,,,,,,,,,,,,,,,,,,,,,,,,,,,,,,,,,,,,
1038,1.037165547,1.004636881,1.022797613,0.98846141,1.026236944,0.978353765,,,,,,,,,,,,,,,,,,,,,,,,,,,,,,,,,,,,,,,,,,,,,,
1042,1.051425264,1.011454944,1.008532744,0.999369054,1.040142318,0.994599552,,,,,,,,,,,,,,,,,,,,,,,,,,,,,,,,,,,,,,,,,,,,,,
1046,1.069445452,1.005726191,1.043394977,1.002537995,1.034144881,0.987445418,,,,,,,,,,,,,,,,,,,,,,,,,,,,,,,,,,,,,,,,,,,,,,
1050,1.076803447,1.001459822,1.030194405,1.00818576,1.048761869,0.990902598,,,,,,,,,,,,,,,,,,,,,,,,,,,,,,,,,,,,,,,,,,,,,,
1054,1.095727927,1.004759132,1.035535662,1.005038512,1.027597958,1.000782362,,,,,,,,,,,,,,,,,,,,,,,,,,,,,,,,,,,,,,,,,,,,,,
1058,1.077196342,1.012180299,1.052098343,1.009970714,1.014318618,0.995179465,,,,,,,,,,,,,,,,,,,,,,,,,,,,,,,,,,,,,,,,,,,,,,
1062,1.07297352,1.009209212,1.029678373,1.008797597,1.016428559,1.002083691,,,,,,,,,,,,,,,,,,,,,,,,,,,,,,,,,,,,,,,,,,,,,,
1066,1.085245775,1.00582107,1.007012981,1.005909003,1.023593092,0.999177298,,,,,,,,,,,,,,,,,,,,,,,,,,,,,,,,,,,,,,,,,,,,,,
1070,1.061928738,1.006371075,1.021773687,1.010999453,1.034576708,1.003636705,,,,,,,,,,,,,,,,,,,,,,,,,,,,,,,,,,,,,,,,,,,,,,
1074,1.066807321,1.003658197,1.052318139,1.012132448,1.065304088,1.01155402,,,,,,,,,,,,,,,,,,,,,,,,,,,,,,,,,,,,,,,,,,,,,,
1078,1.071211361,1.006520295,1.043958768,1.009715725,1.071461266,1.010583702,,,,,,,,,,,,,,,,,,,,,,,,,,,,,,,,,,,,,,,,,,,,,,
1082,1.07422052,1.009065899,1.028874174,1.017248328,1.041390308,1.008767965,,,,,,,,,,,,,,,,,,,,,,,,,,,,,,,,,,,,,,,,,,,,,,
1086,1.074452989,1.010566723,1.020809445,1.015966215,1.035955173,1.009920168,,,,,,,,,,,,,,,,,,,,,,,,,,,,,,,,,,,,,,,,,,,,,,
1090,1.043520949,1.015812053,1.055276048,1.020997674,1.034416971,1.012797734,,,,,,,,,,,,,,,,,,,,,,,,,,,,,,,,,,,,,,,,,,,,,,
1094,1.048429346,1.01469422,1.038002667,1.027034866,1.070937237,1.017932682,,,,,,,,,,,,,,,,,,,,,,,,,,,,,,,,,,,,,,,,,,,,,,
1098,1.062044494,1.010007591,1.032788764,1.026668603,1.059206447,1.014850641,,,,,,,,,,,,,,,,,,,,,,,,,,,,,,,,,,,,,,,,,,,,,,
1102,1.057622871,1.023200122,1.028692111,1.018705894,1.028234533,1.020697951,,,,,,,,,,,,,,,,,,,,,,,,,,,,,,,,,,,,,,,,,,,,,,
1106,1.073414627,1.01404987,1.057837167,1.017425121,1.039996793,1.019867092,,,,,,,,,,,,,,,,,,,,,,,,,,,,,,,,,,,,,,,,,,,,,,
1110,1.064087086,1.014759674,1.043254913,1.016261527,1.064170287,1.020437345,,,,,,,,,,,,,,,,,,,,,,,,,,,,,,,,,,,,,,,,,,,,,,
1114,1.043207766,1.007080199,1.03385188,1.020261179,1.048533503,1.021782646,,,,,,,,,,,,,,,,,,,,,,,,,,,,,,,,,,,,,,,,,,,,,,
1118,1.029178383,1.018418543,1.058551994,1.021399195,1.069665463,1.030910304,,,,,,,,,,,,,,,,,,,,,,,,,,,,,,,,,,,,,,,,,,,,,,
1122,1.034905303,1.012078414,1.029568202,1.025607217,1.059250251,1.034931964,,,,,,,,,,,,,,,,,,,,,,,,,,,,,,,,,,,,,,,,,,,,,,
1126,1.032284552,1.016495877,1.026265536,1.020392331,1.077463679,1.025688759,,,,,,,,,,,,,,,,,,,,,,,,,,,,,,,,,,,,,,,,,,,,,,
1130,1.024131448,1.016015761,1.054968768,1.020648456,1.05629749,1.022655431,,,,,,,,,,,,,,,,,,,,,,,,,,,,,,,,,,,,,,,,,,,,,,
1134,1.051891964,1.020905676,1.018708391,1.025654588,1.085816462,1.02642996,,,,,,,,,,,,,,,,,,,,,,,,,,,,,,,,,,,,,,,,,,,,,,
1138,1.062428278,1.015269739,1.043501751,1.02279304,1.072816557,1.029081444,,,,,,,,,,,,,,,,,,,,,,,,,,,,,,,,,,,,,,,,,,,,,,
1142,1.033740768,1.0108159,1.060039409,1.031582615,1.033521464,1.031119587,,,,,,,,,,,,,,,,,,,,,,,,,,,,,,,,,,,,,,,,,,,,,,
1146,1.017625467,1.014255589,1.060514196,1.023248896,1.051338044,1.031578368,,,,,,,,,,,,,,,,,,,,,,,,,,,,,,,,,,,,,,,,,,,,,,
1150,0.998079927,1.017536222,1.077853944,1.025307353,1.068500497,1.037685861,,,,,,,,,,,,,,,,,,,,,,,,,,,,,,,,,,,,,,,,,,,,,,
1154,1.003187477,1.024223598,1.048594543,1.027114301,1.068128897,1.029830568,,,,,,,,,,,,,,,,,,,,,,,,,,,,,,,,,,,,,,,,,,,,,,
1158,1.027178369,1.011879552,1.028715304,1.026384052,1.063732208,1.031406841,,,,,,,,,,,,,,,,,,,,,,,,,,,,,,,,,,,,,,,,,,,,,,
1162,1.008072409,1.011795353,1.051466136,1.030095854,1.045382023,1.028648067,,,,,,,,,,,,,,,,,,,,,,,,,,,,,,,,,,,,,,,,,,,,,,
1166,1.004849283,1.012623891,1.025269968,1.025549164,1.02082993,1.026441258,,,,,,,,,,,,,,,,,,,,,,,,,,,,,,,,,,,,,,,,,,,,,,
1170,1.01641535,1.014945311,1.048349412,1.024099593,1.057620394,1.035384629,,,,,,,,,,,,,,,,,,,,,,,,,,,,,,,,,,,,,,,,,,,,,,
1174,1.027936248,1.006396004,1.032949059,1.029011687,1.065553673,1.035566677,,,,,,,,,,,,,,,,,,,,,,,,,,,,,,,,,,,,,,,,,,,,,,
1178,0.995817975,1.010495865,0.997376007,1.025888264,1.063194867,1.041045208,,,,,,,,,,,,,,,,,,,,,,,,,,,,,,,,,,,,,,,,,,,,,,
1182,1.009462527,1.016223376,1.02049749,1.030217872,1.038210327,1.033665488,,,,,,,,,,,,,,,,,,,,,,,,,,,,,,,,,,,,,,,,,,,,,,
1186,1.00548355,1.00938983,1.019476155,1.029994348,1.021414322,1.038531584,,,,,,,,,,,,,,,,,,,,,,,,,,,,,,,,,,,,,,,,,,,,,,
1190,0.992006107,1.010012075,1.033723598,1.033555382,1.045304937,1.045418974,,,,,,,,,,,,,,,,,,,,,,,,,,,,,,,,,,,,,,,,,,,,,,
1194,1.00335115,1.004698961,1.056133765,1.033285405,1.061485486,1.045349064,,,,,,,,,,,,,,,,,,,,,,,,,,,,,,,,,,,,,,,,,,,,,,
1198,1.021076134,1.006327928,1.039608991,1.022804004,1.073871843,1.042387937,,,,,,,,,,,,,,,,,,,,,,,,,,,,,,,,,,,,,,,,,,,,,,
